{"mc":{
	"bird":{
		"frameRate":24,
		"labels":[
			{"name":"fly","frame":1,"end":4}
			,{"name":"die","frame":5,"end":5}
			
			],
		"events":[
			
			],
		"frames":[
			
			{
			"res":"fly_1",
			"x":0,
			"y":0
			},
			{
			"res":"fly_2",
			"x":0,
			"y":0
			},
			{
			"res":"fly_3",
			"x":0,
			"y":0
			},
			{
			"res":"fly_2",
			"x":0,
			"y":0
			},
			{
			"res":"die",
			"x":0,
			"y":0
			}
			]
}},
	"res":{
		"fly_3":{"x":105,"y":0,"w":103,"h":74},
		"fly_2":{"x":0,"y":0,"w":103,"h":74},
		"die":{"x":105,"y":76,"w":102,"h":74},
		"fly_1":{"x":0,"y":76,"w":103,"h":74}
	}}