{"frames":{"background_png":{"x":0,"y":0,"w":640,"h":1136,"offX":0,"offY":0,"sourceW":640,"sourceH":1136},"ground_png":{"x":642,"y":0,"w":1280,"h":210,"offX":0,"offY":0,"sourceW":1280,"sourceH":210},"upper_pipe_png":{"x":642,"y":212,"w":142,"h":753,"offX":0,"offY":0,"sourceW":142,"sourceH":753},"lower_pipe_png":{"x":786,"y":212,"w":142,"h":753,"offX":0,"offY":0,"sourceW":142,"sourceH":753},"bird_png":{"x":930,"y":212,"w":210,"h":152,"offX":0,"offY":0,"sourceW":210,"sourceH":152},"coin_png":{"x":1924,"y":0,"w":84,"h":85,"offX":0,"offY":0,"sourceW":84,"sourceH":85},"on_png":{"x":1924,"y":87,"w":65,"h":27,"offX":0,"offY":0,"sourceW":65,"sourceH":27},"off_png":{"x":1924,"y":116,"w":65,"h":27,"offX":0,"offY":0,"sourceW":65,"sourceH":27},"thumb_png":{"x":2010,"y":0,"w":25,"h":25,"offX":0,"offY":0,"sourceW":25,"sourceH":25},"checkbox_select_up_png":{"x":2010,"y":27,"w":23,"h":23,"offX":0,"offY":0,"sourceW":23,"sourceH":23},"checkbox_unselect_png":{"x":2010,"y":52,"w":23,"h":23,"offX":0,"offY":0,"sourceW":23,"sourceH":23},"checkbox_select_down_png":{"x":2010,"y":77,"w":23,"h":23,"offX":0,"offY":0,"sourceW":23,"sourceH":23},"handle_png":{"x":1991,"y":102,"w":23,"h":23,"offX":0,"offY":0,"sourceW":23,"sourceH":23},"checkbox_select_disabled_png":{"x":2016,"y":102,"w":23,"h":23,"offX":0,"offY":0,"sourceW":23,"sourceH":23},"radiobutton_select_up_png":{"x":1991,"y":127,"w":22,"h":22,"offX":0,"offY":0,"sourceW":22,"sourceH":22},"radiobutton_select_disabled_png":{"x":2015,"y":127,"w":22,"h":22,"offX":0,"offY":0,"sourceW":22,"sourceH":22},"radiobutton_select_down_png":{"x":1924,"y":145,"w":22,"h":22,"offX":0,"offY":0,"sourceW":22,"sourceH":22},"radiobutton_unselect_png":{"x":1948,"y":145,"w":22,"h":22,"offX":0,"offY":0,"sourceW":22,"sourceH":22},"button_up_png":{"x":1972,"y":145,"w":16,"h":16,"offX":0,"offY":0,"sourceW":16,"sourceH":16},"button_down_png":{"x":1990,"y":151,"w":16,"h":16,"offX":0,"offY":0,"sourceW":16,"sourceH":16},"track_pb_png":{"x":2037,"y":0,"w":6,"h":6,"offX":0,"offY":0,"sourceW":6,"sourceH":6},"thumb_pb_png":{"x":2037,"y":8,"w":6,"h":6,"offX":0,"offY":0,"sourceW":6,"sourceH":6},"roundthumb_png":{"x":2037,"y":16,"w":6,"h":6,"offX":0,"offY":0,"sourceW":6,"sourceH":6},"track_sb_png":{"x":2037,"y":24,"w":6,"h":6,"offX":0,"offY":0,"sourceW":6,"sourceH":6},"tracklight_png":{"x":2035,"y":32,"w":6,"h":6,"offX":0,"offY":0,"sourceW":6,"sourceH":6},"track_png":{"x":2035,"y":40,"w":6,"h":6,"offX":0,"offY":0,"sourceW":6,"sourceH":6}},"file":"preload-0sheet_3a47321c.png"}