{"groups":[{"keys":"description_json,bird_png,bird_json,background_png,ground_png,lower_pipe_png,upper_pipe_png,sfx_die_mp3,sfx_hit_mp3,sfx_point_mp3,sfx_jump_mp3,button_down_png,button_up_png,checkbox_select_disabled_png,checkbox_select_down_png,checkbox_select_up_png,checkbox_unselect_png,thumb_pb_png,track_pb_png,radiobutton_select_disabled_png,radiobutton_select_down_png,radiobutton_select_up_png,radiobutton_unselect_png,roundthumb_png,track_sb_png,thumb_png,track_png,tracklight_png,handle_png,off_png,on_png,coin_png","name":"preload"}],"resources":[{"url":"config/description_2e5ca871.json","type":"json","name":"description_json"},{"url":"config/bird_17098583.json","type":"json","name":"bird_json"},{"url":"sounds/sfx_die_614ee7c0.mp3","type":"sound","name":"sfx_die_mp3"},{"url":"sounds/sfx_hit_2259905b.mp3","type":"sound","name":"sfx_hit_mp3"},{"url":"sounds/sfx_point_42f471b6.mp3","type":"sound","name":"sfx_point_mp3"},{"url":"sounds/sfx_jump_532c55fb.mp3","type":"sound","name":"sfx_jump_mp3"},{"url":"packs0/preload-0sheet_6d4bdba1.json","type":"sheet","name":"preload-0sheet","subkeys":"upper_pipe_png,tracklight_png,track_sb_png,track_png,track_pb_png,thumb_png,thumb_pb_png,roundthumb_png,radiobutton_unselect_png,radiobutton_select_up_png,radiobutton_select_down_png,radiobutton_select_disabled_png,on_png,off_png,lower_pipe_png,handle_png,ground_png,coin_png,checkbox_unselect_png,checkbox_select_up_png,checkbox_select_down_png,checkbox_select_disabled_png,button_up_png,button_down_png,bird_png,background_png"}]}